Nome;Partido;Estado;Codigo;CD01O054O008776;CD01O081O008795;Lado;tsne-1d-one;tsne-2d-two
HAROLDO CATHEDRAL;PSD;Roraima;1;Não Votou;Não;GOVERNO;21.202099;-6.8341093
EDIO LOPES;PR;Roraima;2;Não;Não Votou;GOVERNO;1.1085573;-18.185318
JOENIA WAPICHANA;REDE;Roraima;3;Sim;Sim;OPOSIÇÃO;4.7236977;3.684566
HIRAN GONÇALVES;PP;Roraima;4;Não Votou;Não;GOVERNO;21.202082;-6.834067
JHONATAN DE JESUS;PRB;Roraima;5;Não Votou;Não;GOVERNO;21.202192;-6.834079
NICOLETTI;PSL;Roraima;6;Sim;Não;GOVERNO;20.6941;13.382259
OTACI NASCIMENTO;Solidariedade;Roraima;7;Não;Não;MINORIA;-16.869297;0.95674294
SHÉRIDAN;PSDB;Roraima;8;Sim;Sim;GOVERNO;4.7233915;3.6852715
ANDRÉ ABDON;PP;Amapá;9;Não;Não;GOVERNO;-17.619009;0.32634088
ACÁCIO FAVACHO;PROS;Amapá;10;Não;Não;MINORIA;-17.208523;1.4459674
ALINE GURGEL;PRB;Amapá;11;Não;Não;GOVERNO;-17.619009;0.32634142
CAMILO CAPIBERIBE;PSB;Amapá;12;Sim;Não;OPOSIÇÃO;21.50842;13.530471
LEDA SADALA;Avate;Amapá;14;Sim;Não;MINORIA;20.643059;13.512432
PROFESSORA MARCIVANIA;PCdoB;Amapá;15;Sim;Sim;OPOSIÇÃO;4.72304;3.6843023
VINICIUS GURGEL;PR;Amapá;16;Não;Não Votou;GOVERNO;0.7751534;-17.891245
LUIZ CARLOS;PSDB;Amapá;17;Não;Não Votou;GOVERNO;1.754147;-17.420961
AIRTON FALEIRO;PT;Pará;18;Não;Não Votou;OPOSIÇÃO;1.1087081;-18.185354
BETO FARO;PT;Pará;19;Não;Não Votou;OPOSIÇÃO;1.4491998;-17.149208
CÁSSIO ANDRADE;PSB;Pará;20;Sim;Não;OPOSIÇÃO;20.671978;13.695523
ELCIONE BARBALHO;MDB;Pará;21;Não;Não Votou;GOVERNO;0.7763099;-17.899204
DELEGADO ÉDER MAURO;PSD;Pará;22;Não;Não;GOVERNO;-17.619028;0.32632205
CELSO SABINO;PSDB;Pará;23;Não;Sim;GOVERNO;2.390737;-10.183256
CRISTIANO VALE;PR;Pará;25;Não;Não;GOVERNO;-17.619026;0.3263187
JOSÉ PRIANTE;MDB;Pará;26;Não Votou;Não;GOVERNO;21.202147;-6.834112
EDMILSON RODRIGUES;PSOL;Pará;27;Sim;Obstrução;OPOSIÇÃO;20.917648;13.949562
EDUARDO COSTA;PTB;Pará;28;Sim;Não;GOVERNO;20.678768;13.4218
JÚNIOR FERRARI;PSD;Pará;29;Não;Sim;GOVERNO;2.3911078;-10.183293
OLIVAL MARQUES;DEM;Pará;30;Não;Não;GOVERNO;-16.869297;0.9567429
NILSON PINTO;PSDB;Pará;31;Não;Sim;GOVERNO;2.390922;-10.182775
HÉLIO LEITE;DEM;Pará;32;Não;Não;GOVERNO;-17.619026;0.3263347
JOAQUIM PASSARINHO;PSD;Pará;33;Sim;Não;GOVERNO;21.385937;13.269643
PAULO BENGTSON;PTB;Pará;34;Não;Não Votou;GOVERNO;1.7890892;-17.832624
VAVÁ MARTINS;PRB;Pará;35;Não;Abstenção;GOVERNO;0.7597789;-17.33324
CAPITÃO ALBERTO NETO;PRB;Amazonas;36;Sim;Não Votou;GOVERNO;2.896319;19.144398
BOSCO SARAIVA;Solidariedade;Amazonas;37;Não;Não Votou;MINORIA;1.3635998;-18.160543
ÁTILA LINS;PP;Amazonas;38;Não;Não Votou;GOVERNO;1.4493117;-17.147532
SILAS CÂMARA;PRB;Amazonas;39;Não;Não Votou;GOVERNO;1.7890368;-17.832766
DELEGADO PABLO;PSL;Amazonas;40;Sim;Não Votou;GOVERNO;2.896039;19.144402
JOSÉ RICARDO;PT;Amazonas;41;Não;Não Votou;OPOSIÇÃO;0.7603959;-17.57044
MARCELO RAMOS;PR;Amazonas;42;Não;Não;GOVERNO;-17.208517;1.4459583
SIDNEY LEITE;PSD;Amazonas;43;Não;Não Votou;GOVERNO;1.1086614;-18.185345
EXPEDITO NETTO;PSD;Rondonia;44;Não;Não;GOVERNO;-17.041544;0.47980943
CORONEL CHRISÓSTOMO;PSL;Rondonia;45;Não Votou;Não Votou;GOVERNO;10.855821;-1.1036431
LUCIO MOSQUINI;MDB;Rondonia;46;Não Votou;Não;GOVERNO;21.202171;-6.8341026
JAQUELINE CASSOL;PP;Rondonia;47;Não;Não;GOVERNO;-17.208517;1.445956
LÉO MORAES;Podemos;Rondonia;48;Sim;Sim;MINORIA;4.723412;3.685292
MAURO NAZIF;PSB;Rondonia;49;Sim;Não Votou;OPOSIÇÃO;2.8973944;19.144388
SILVIA CRISTINA;PDT;Rondonia;50;Não;Não;MINORIA;-17.619015;0.32633922
MARIANA CARVALHO;PSDB;Rondonia;51;Sim;Sim;GOVERNO;4.7231574;3.6842375
JESUS SÉRGIO;PDT;Acre;52;Não;Não;MINORIA;-16.869299;0.95674396
ALAN RICK;DEM;Acre;53;Não;Não;GOVERNO;-17.619009;0.3263404
FLAVIANO MELO;MDB;Acre;54;Não;Não Votou;GOVERNO;1.7499199;-17.422064
MANUEL MARCOS;PRB;Acre;55;Não;Não;GOVERNO;-17.208523;1.4459624
JÉSSICA SALES;MDB;Acre;56;Não Votou;Não Votou;GOVERNO;10.85701;-1.1030762
MARA ROCHA;PSDB;Acre;57;Não;Sim;GOVERNO;2.390552;-10.185035
PERPÉTUA ALMEIDA;PCdoB;Acre;58;Sim;Sim;OPOSIÇÃO;4.7236767;3.685471
DRA. VANDA MILANI;Solidariedade;Acre;59;Não;Não;MINORIA;-17.619009;0.32634437
CARLOS HENRIQUE GAGUIM;DEM;Tocantins;60;Não;Não;GOVERNO;-16.929314;0.70857877
DULCE MIRANDA;MDB;Tocantins;61;Não;Não;GOVERNO;-17.619007;0.32634655
CÉLIO MOURA;PT;Tocantins;62;Não;Não Votou;OPOSIÇÃO;1.0283831;-17.1513
ELI BORGES;Solidariedade;Tocantins;63;Não;Não;MINORIA;-17.619017;0.32633767
OSIRES DAMASO;PSC;Tocantins;64;Não;Não;GOVERNO;-17.20852;1.4459567
TIAGO DIMAS;Solidariedade;Tocantins;65;Não;Não;MINORIA;-17.20852;1.4459579
VICENTINHO JÚNIOR;PR;Tocantins;66;Não;Não;GOVERNO;-17.208517;1.4459579
PROFESSORA DORINHA SEABRA REZEN;DEM;Tocantins;67;Não;Não;GOVERNO;-17.04154;0.47981095
ALUISIO MENDES;Podemos;Maranhão;68;Não;Não Votou;MINORIA;1.7891328;-17.832495
CLEBER VERDE;PRB;Maranhão;70;Não;Não;GOVERNO;-17.402536;0.8815594
BIRA DO PINDARÉ;PSB;Maranhão;71;Sim;Não;OPOSIÇÃO;21.376934;13.887179
ANDRÉ FUFUCA;PP;Maranhão;72;Não;Não Votou;GOVERNO;1.0738312;-17.1319
EDILÁZIO JÚNIOR;PSD;Maranhão;73;Não;Não;GOVERNO;-17.619013;0.3263325
HILDO ROCHA;MDB;Maranhão;74;Sim;Não;GOVERNO;20.686367;13.400488
EDUARDO BRAIDE;PMN;Maranhão;75;Sim;Não;GOVERNO;20.66992;13.704235
JOÃO MARCELO SOUZA;MDB;Maranhão;76;Não Votou;Não;GOVERNO;21.201996;-6.834011
GIL CUTRIM;PDT;Maranhão;77;Não;Não;MINORIA;-17.041542;0.47981355
JOSIMAR MARANHÃOZINHO;PR;Maranhão;78;Não;Não Votou;GOVERNO;1.6014212;-17.179964
JUSCELINO FILHO;DEM;Maranhão;79;Não;Não;GOVERNO;-17.402538;0.88155776
JUNIOR LOURENÇO;PR;Maranhão;80;Não;Não;GOVERNO;-17.041542;0.47981146
MÁRCIO JERRY;PCdoB;Maranhão;82;Sim;Sim;OPOSIÇÃO;4.723331;3.6855333
MARRECA FILHO;Patriota;Maranhão;83;Não;Não;MINORIA;-17.208502;1.445948
PASTOR GILDENEMYR;PMN;Maranhão;84;Não;Não;GOVERNO;-17.619009;0.32633942
PEDRO LUCAS FERNANDES;PTB;Maranhão;85;Não;Não Votou;GOVERNO;1.0283793;-17.151302
ZÉ CARLOS;PT;Maranhão;86;Não Votou;Não Votou;OPOSIÇÃO;10.856779;-1.1042665
AJ ALBUQUERQUE;PP;Ceará;87;Não;Não;GOVERNO;-17.208504;1.4459639
CAPITÃO WAGNER;PROS;Ceará;88;Não;Não;MINORIA;-17.402538;0.88155943
ANDRÉ FIGUEIREDO;PDT;Ceará;89;Sim;Não;MINORIA;20.90897;13.165237
CÉLIO STUDART;PV;Ceará;90;Sim;Sim;MINORIA;4.7236476;3.685546
DENIS BEZERRA;PSB;Ceará;91;Sim;Não;OPOSIÇÃO;21.293158;13.193447
DR. JAZIEL;PR;Ceará;92;Não;Não;GOVERNO;-16.869299;0.956743
EDUARDO BISMARCK;PDT;Ceará;93;Não;Não;MINORIA;-17.041542;0.47981355
HEITOR FREIRE;PSL;Ceará;94;Sim;Não;GOVERNO;20.695147;13.3830185
IDILVAN ALENCAR;PDT;Ceará;95;Não;Não;MINORIA;-17.208523;1.4459624
LEÔNIDAS CRISTINO;PDT;Ceará;96;Sim;Não;MINORIA;21.077747;13.982901
DOMINGOS NETO;PSD;Ceará;97;Não;Não Votou;GOVERNO;1.0770241;-17.13073
LUIZIANNE LINS;PT;Ceará;98;Não;Não Votou;OPOSIÇÃO;1.7890887;-17.832623
GENECIAS NORONHA;Solidariedade;Ceará;99;Não Votou;Não;MINORIA;21.202278;-6.8340516
JÚNIOR MANO;PR;Ceará;100;Não;Não;GOVERNO;-17.2085;1.4459457
JOSÉ AIRTON CIRILO;PT;Ceará;101;Não Votou;Não Votou;OPOSIÇÃO;10.85569;-1.1009588
MAURO BENEVIDES FILHO;PDT;Ceará;102;Sim;Sim;MINORIA;4.7236586;3.685516
JOSÉ GUIMARÃES;PT;Ceará;103;Não;Não Votou;OPOSIÇÃO;0.7826917;-17.898409
PEDRO AUGUSTO BEZERRA;PTB;Ceará;104;Não;Não;GOVERNO;-17.208435;1.4458035
ROBÉRIO MONTEIRO;PDT;Ceará;105;Não;Não;MINORIA;-17.619005;0.326348
MOSES RODRIGUES;MDB;Ceará;106;Não;Não Votou;GOVERNO;0.77649033;-17.899439
ROBERTO PESSOA;PSDB;Ceará;107;Não;Não Votou;GOVERNO;1.7620366;-17.4395
VAIDON OLIVEIRA;PROS;Ceará;108;Não;Não;MINORIA;-17.208523;1.4459583
ÁTILA LIRA;PSB;Piauí;109;Sim;Não;OPOSIÇÃO;21.039703;13.978377
FLÁVIO NOGUEIRA;PDT;Piauí;110;Não;Não;MINORIA;-17.208517;1.4459567
ASSIS CARVALHO;PT;Piauí;111;Não;Obstrução;OPOSIÇÃO;-17.618996;0.3263463
IRACEMA PORTELLA;PP;Piauí;113;Não;Não;GOVERNO;-17.041538;0.47981176
JÚLIO CESAR;PSD;Piauí;114;Não Votou;Não;GOVERNO;21.20238;-6.834067
MARCOS AURÉLIO SAMPAIO;MDB;Piauí;115;Sim;Não;GOVERNO;20.671429;13.737612
REJANE DIAS;PT;Piauí;116;Não;Abstenção;OPOSIÇÃO;1.1083547;-18.185274
MARGARETE COELHO;PP;Piauí;117;Não;Não;GOVERNO;-17.619009;0.32634336
MARINA SANTOS;Solidariedade;Piauí;118;Não;Não;MINORIA;-17.402538;0.8815604
FÁBIO FARIA;PSD;Rio Grande do Norte;119;Não Votou;Não;GOVERNO;21.202374;-6.8340535
BENES LEOCÁDIO;PRB;Rio Grande do Norte;120;Não;Não;GOVERNO;-16.869299;0.95674396
BETO ROSADO;PP;Rio Grande do Norte;121;Sim;Não Votou;GOVERNO;2.8959513;19.144384
GENERAL GIRÃO;PSL;Rio Grande do Norte;122;Não;Sim;GOVERNO;2.3913987;-10.18285
RAFAEL MOTTA;PSB;Rio Grande do Norte;123;Sim;Não;OPOSIÇÃO;21.225803;13.161175
JOÃO MAIA;PR;Rio Grande do Norte;124;Não;Não;GOVERNO;-17.61901;0.3263432
WALTER ALVES;MDB;Rio Grande do Norte;125;Não;Não;GOVERNO;-16.869297;0.95674294
NATÁLIA BONAVIDES;PT;Rio Grande do Norte;126;Não;Não Votou;OPOSIÇÃO;1.0770329;-17.130728
DAMIÃO FELICIANO;PDT;Paraíba;127;Não;Não;MINORIA;-17.208523;1.4459674
EFRAIM FILHO;DEM;Paraíba;128;Não Votou;Não Votou;GOVERNO;10.856632;-1.1032283
AGUINALDO RIBEIRO;PP;Paraíba;129;Não;Não;GOVERNO;-17.402538;0.88156074
EDNA HENRIQUE;PSDB;Paraíba;130;Não Votou;Sim;GOVERNO;6.9874473;0.93078494
FREI ANASTACIO RIBEIRO;PT;Paraíba;131;Não;Não Votou;OPOSIÇÃO;1.7499273;-17.422083
HUGO MOTTA;PRB;Paraíba;132;Não;Não;GOVERNO;-17.402538;0.88155866
GERVÁSIO MAIA;PSB;Paraíba;133;Sim;Não;OPOSIÇÃO;21.252823;13.176638
JULIAN LEMOS;PSL;Paraíba;134;Não;Não;GOVERNO;-16.869297;0.95674294
PEDRO CUNHA LIMA;PSDB;Paraíba;135;Sim;Não Votou;GOVERNO;2.8962708;19.143658
WELLINGTON ROBERTO;PR;Paraíba;136;Não Votou;Não;GOVERNO;21.202442;-6.834063
RUY CARNEIRO;PSDB;Paraíba;137;Não;Não Votou;GOVERNO;0.75218177;-17.5719
WILSON SANTIAGO;PTB;Paraíba;138;Não;Não;GOVERNO;-16.305433;0.48991325
ANDRÉ FERREIRA;PSC;Pernambuco;139;Não;Não Votou;GOVERNO;1.1083835;-18.185278
ANDRÉ DE PAULA;PSD;Pernambuco;140;Não;Não;GOVERNO;-17.041542;0.4798139
AUGUSTO COUTINHO;Solidariedade;Pernambuco;141;Não;Não Votou;MINORIA;1.3106029;-18.1774
CARLOS VERAS;PT;Pernambuco;142;Não;Obstrução;OPOSIÇÃO;-17.2085;1.4459555
GONZAGA PATRIOTA;PSB;Pernambuco;143;Não Votou;Não;OPOSIÇÃO;21.202215;-6.834121
DANIEL COELHO;PPS;Pernambuco;144;Sim;Não;MINORIA;20.942638;13.959997
FELIPE CARRERAS;PSB;Pernambuco;145;Sim;Não;OPOSIÇÃO;21.153444;13.974634
FERNANDO MONTEIRO;PP;Pernambuco;146;Não;Não;GOVERNO;-16.869297;0.9567442
FERNANDO RODOLFO;PR;Pernambuco;147;Não;Não;GOVERNO;-17.619013;0.32633978
DANILO CABRAL;PSB;Pernambuco;148;Sim;Não;OPOSIÇÃO;21.420944;13.324651
JOÃO H. CAMPOS;PSB;Pernambuco;149;Sim;Não;OPOSIÇÃO;21.514175;13.524734
LUCIANO BIVAR;PSL;Pernambuco;150;Não Votou;Não;GOVERNO;21.202179;-6.8340487
MARÍLIA ARRAES;PT;Pernambuco;151;Não;Não Votou;OPOSIÇÃO;1.7541052;-17.420876
OSSESIO SILVA;PRB;Pernambuco;152;Não;Não;GOVERNO;-17.041538;0.47981268
RAUL HENRY;MDB;Pernambuco;153;Não Votou;Não;GOVERNO;21.202475;-6.8340783
RENILDO CALHEIROS;PCdoB;Pernambuco;154;Sim;Não Votou;OPOSIÇÃO;2.8960888;19.144402
PASTOR EURICO;Patriota;Pernambuco;155;Não Votou;Não;MINORIA;21.202143;-6.8340816
EDUARDO DA FONTE;PP;Pernambuco;156;Não Votou;Não;GOVERNO;21.20213;-6.8340635
RICARDO TEOBALDO;Podemos;Pernambuco;157;Não;Não Votou;MINORIA;1.4465324;-17.145658
FERNANDO COELHO FILHO;DEM;Pernambuco;158;Não;Não Votou;GOVERNO;0.78790826;-17.565554
SEBASTIÃO OLIVEIRA;PR;Pernambuco;159;Não Votou;Não Votou;GOVERNO;10.855853;-1.1034613
SILVIO COSTA FILHO;PRB;Pernambuco;160;Não;Não;GOVERNO;-17.208502;1.4459573
TADEU ALENCAR;PSB;Pernambuco;161;Não Votou;Não Votou;OPOSIÇÃO;10.853877;-1.103183
ARTHUR LIRA;PP;Alagoas;162;Não Votou;Não Votou;GOVERNO;10.856658;-1.1031201
TÚLIO GADÊLHA;PDT;Pernambuco;163;Sim;Sim;MINORIA;4.7234235;3.6856074
WOLNEY QUEIROZ;PDT;Pernambuco;164;Não Votou;Não Votou;MINORIA;10.855477;-1.1032761
ISNALDO BULHÕES JR.;MDB;17 Alagoas;165;Art.;Não Votou;GOVERNO;10.855761;-1.1035825
NIVALDO ALBUQUERQUE;PTB;Alagoas;166;Não;Não;GOVERNO;-16.869297;0.95674264
JHC;PSB;Alagoas;167;Sim;Não Votou;OPOSIÇÃO;2.8977938;19.14439
SERGIO TOLEDO;PR;Alagoas;168;Não;Não;GOVERNO;-16.869297;0.95674294
MARX BELTRÃO;PSD;Alagoas;169;Não;Não;GOVERNO;-17.402538;0.88156074
PAULÃO;PT;Alagoas;170;Não;Não Votou;OPOSIÇÃO;1.7836174;-17.857094
SEVERINO PESSOA;PRB;Alagoas;172;Abstenção;Não Votou;GOVERNO;10.85576;-1.1032563
TEREZA NELMA;PSDB;Alagoas;173;Não;Sim;GOVERNO;2.3906813;-10.183734
BOSCO COSTA;PR;Sergipe;174;Não;Não;GOVERNO;-17.402542;0.88155746
FÁBIO HENRIQUE;PDT;Sergipe;175;Sim;Não;MINORIA;20.908943;13.165248
LAERCIO OLIVEIRA;PP;Sergipe;176;Não;Não Votou;GOVERNO;0.75892234;-17.33494
FÁBIO MITIDIERI;PSD;Sergipe;177;Não;Não;GOVERNO;-17.40254;0.8815581
FABIO REIS;MDB;Sergipe;178;Não;Não;GOVERNO;-17.20852;1.445964
JOÃO DANIEL;PT;Sergipe;179;Não;Não Votou;OPOSIÇÃO;0.76036906;-17.57045
ALICE PORTUGAL;PCdoB;Bahia;180;Sim;Sim;OPOSIÇÃO;4.723636;3.685469
GUSTINHO RIBEIRO;Solidariedade;Sergipe;181;Não;Não;MINORIA;-17.041544;0.47980684
AFONSO FLORENCE;PT;Bahia;182;Não;Não Votou;OPOSIÇÃO;0.7764857;-17.899437
VALDEVAN NOVENTA;PSC;Sergipe;183;Sim;Não Votou;GOVERNO;2.8961008;19.14439
BACELAR;Podemos;Bahia;184;Sim;Sim;MINORIA;4.723591;3.6843338
LÍDICE DA MATA;PSB;Bahia;185;Sim;Não Votou;OPOSIÇÃO;2.8961759;19.144384
CLAUDIO CAJADO;PP;Bahia;186;Não;Não Votou;GOVERNO;0.7589184;-17.334948
JOÃO CARLOS BACELAR;PR;Bahia;187;Não;Não;GOVERNO;-17.208496;1.4459482
DANIEL ALMEIDA;PCdoB;Bahia;188;Sim;Sim;OPOSIÇÃO;4.723707;3.685379
ANTONIO BRITO;PSD;Bahia;189;Não;Não;GOVERNO;-17.208519;1.4459617
ABÍLIO SANTANA;PR;Bahia;190;Não;Não;GOVERNO;-17.619015;0.32633987
ADOLFO VIANA;PSDB;Bahia;191;Não;Sim;GOVERNO;2.391101;-10.182941
ARTHUR OLIVEIRA MAIA;DEM;Bahia;192;Não;Não;GOVERNO;-17.041546;0.4798094
CACÁ LEÃO;PP;Bahia;193;Não;Não Votou;GOVERNO;0.7589329;-17.334919
ALEX SANTANA;PDT;Bahia;194;Não;Não;MINORIA;-16.869297;0.95674366
FÉLIX MENDONÇA JÚNIOR;PDT;Bahia;195;Não;Não;MINORIA;-17.208519;1.4459617
CHARLES FERNANDES;PSD;Bahia;196;Não;Não;GOVERNO;-17.619005;0.32633495
IGOR KANNÁRIO;PHS;Bahia;197;Não;Não Votou;GOVERNO;0.7691555;-17.883064
ELMAR NASCIMENTO;DEM;Bahia;198;Não;Não Votou;GOVERNO;1.077024;-17.13073
JOÃO ROMA;PRB;Bahia;199;Não;Não;GOVERNO;-17.61901;0.32634154
LEUR LOMANTO JÚNIOR;DEM;Bahia;200;Sim;Não;GOVERNO;21.239971;13.951297
JOSÉ NUNES;PSD;Bahia;201;Não;Não;GOVERNO;-17.402538;0.8815572
JOSÉ ROCHA;PR;Bahia;203;Não;Não Votou;GOVERNO;1.4489632;-17.147308
JORGE SOLLA;PT;Bahia;204;Abstenção;Obstrução;OPOSIÇÃO;21.20243;-6.834061
MARCELO NILO;PSB;Bahia;205;Sim;Não;OPOSIÇÃO;21.38337;13.882046
OTTO ALENCAR FILHO;PSD;Bahia;206;Não;Não;GOVERNO;-17.619005;0.32634598
PASTOR SARGENTO ISIDÓRIO;Avate;Bahia;207;Não;Sim;MINORIA;2.3911126;-10.183423
MÁRIO NEGROMONTE JR.;PP;Bahia;208;Não;Não;GOVERNO;-17.208504;1.4459639
NELSON PELLEGRINO;PT;Bahia;209;Não;Não Votou;OPOSIÇÃO;0.7825811;-17.898262
PROFESSORA DAYANE PIMENTEL;PSL;Bahia;210;Sim;Não;GOVERNO;21.514175;13.524736
RAIMUNDO COSTA;PR;Bahia;211;Não;Não;GOVERNO;-17.20852;1.4459611
MÁRCIO MARINHO;PRB;Bahia;212;Não;Não;GOVERNO;-16.869297;0.95674294
TITO;Avate;Bahia;214;Não;Não;MINORIA;-17.402538;0.8815592
PAULO AZI;DEM;Bahia;215;Sim;Não;GOVERNO;21.09658;13.143654
RONALDO CARLETTO;PP;Bahia;216;Não;Não;GOVERNO;-17.619028;0.32631934
ZÉ NETO;PT;Bahia;217;Não;Não Votou;OPOSIÇÃO;1.7890522;-17.832724
VALMIR ASSUNÇÃO;PT;Bahia;218;Não;Não Votou;OPOSIÇÃO;1.0770323;-17.130726
WALDENOR PEREIRA;PT;Bahia;219;Sim;Não Votou;OPOSIÇÃO;2.8961663;19.144396
ULDURICO JUNIOR;PPL;Bahia;220;Sim;Não;OPOSIÇÃO;21.216646;13.958814
AÉCIO NEVES;PSDB;Minas Gerais;221;Não;Sim;GOVERNO;2.3906581;-10.183339
ALÊ SILVA;PSL;Minas Gerais;222;Sim;Sim;GOVERNO;4.7235723;3.6853864
ANDRÉ JANONES;Avate;Minas Gerais;223;Não;Não;MINORIA;-17.041544;0.47980943
ÁUREA CAROLINA;PSOL;Minas Gerais;224;Sim;Obstrução;OPOSIÇÃO;20.757526;13.85192
CABO JUNIO AMARAL;PSL;Minas Gerais;225;Sim;Não;GOVERNO;20.671421;13.7376
CHARLLES EVANGELISTA;PSL;Minas Gerais;226;Sim;Não;GOVERNO;20.67142;13.737592
DELEGADO MARCELO FREITAS;PSL;Minas Gerais;227;Sim;Não;GOVERNO;21.413801;13.865355
DIEGO ANDRADE;PSD;Minas Gerais;228;Não;Não;GOVERNO;-17.402538;0.8815593
DR. FREDERICO;Patriota;Minas Gerais;229;Não;Não;MINORIA;-17.402538;0.88155776
EDUARDO BARBOSA;PSDB;Minas Gerais;230;Não;Não;GOVERNO;-17.041542;0.4798139
DIMAS FABIANO;PP;Minas Gerais;231;Não;Não;GOVERNO;-17.619013;0.32634175
BILAC PINTO;DEM;Minas Gerais;232;Não;Não Votou;GOVERNO;0.7826948;-17.898413
DOMINGOS SÁVIO;PSDB;Minas Gerais;233;Não;Não Votou;GOVERNO;1.3888674;-17.11591
EMIDINHO MADEIRA;PSB;Minas Gerais;234;Sim;Não Votou;OPOSIÇÃO;2.8961306;19.14438
MARCELO ARO;PHS;Minas Gerais;236;Não Votou;Não;GOVERNO;21.202166;-6.8340807
MARGARIDA SALOMÃO;PT;Minas Gerais;237;Não;Obstrução;OPOSIÇÃO;-17.61901;0.32634047
FÁBIO RAMALHO;MDB;Minas Gerais;238;Não;Não;GOVERNO;-17.2085;1.4459465
MÁRIO HERINGER;PDT;Minas Gerais;239;Sim;Não;MINORIA;21.446991;13.76035
EUCLYDES PETTERSEN;PSC;Minas Gerais;240;Não;Sim;GOVERNO;2.3907368;-10.183206
FRANCO CARTAFINA;PP;Minas Gerais;241;Sim;Não;GOVERNO;21.297123;13.188859
EROS BIONDINI;PROS;Minas Gerais;242;Não;Não;MINORIA;-17.619028;0.32631972
LINCOLN PORTELA;PR;Minas Gerais;243;Não;Não;GOVERNO;-17.041542;0.4798139
FRED COSTA;Patriota;Minas Gerais;244;Sim;Não;MINORIA;21.45693;13.76337
MISAEL VARELLA;PSD;Minas Gerais;245;Não Votou;Não Votou;GOVERNO;10.85576;-1.1034161
GILBERTO ABRAMO;PRB;Minas Gerais;246;Não;Não;GOVERNO;-17.208498;1.44595
NEWTON CARDOSO JR;MDB;Minas Gerais;247;Não Votou;Não;GOVERNO;21.20226;-6.8340497
GREYCE ELIAS;Avate;Minas Gerais;248;Sim;Não Votou;MINORIA;2.8961189;19.144411
PATRUS ANANIAS;PT;Minas Gerais;249;Sim;Não Votou;OPOSIÇÃO;2.8961542;19.144392
JÚLIO DELGADO;PSB;Minas Gerais;250;Sim;Não;OPOSIÇÃO;21.515425;13.557455
LUIS TIBÉ;Avate;Minas Gerais;251;Não Votou;Não Votou;MINORIA;10.856668;-1.1037829
MAURO LOPES;MDB;Minas Gerais;252;Não;Não;GOVERNO;-18.753115;1.3665012
LEONARDO MONTEIRO;PT;Minas Gerais;253;Não;Obstrução;OPOSIÇÃO;-18.753115;1.3665012
HERCÍLIO COELHO DINIZ;MDB;Minas Gerais;254;Não;Não;GOVERNO;-18.753115;1.3665012
IGOR TIMO;Podemos;Minas Gerais;255;Não;Não;MINORIA;-18.753115;1.3665012
LAFAYETTE DE ANDRADA;PRB;Minas Gerais;256;Não;Não;GOVERNO;-18.753115;1.3665012
LÉO MOTTA;PSL;Minas Gerais;257;Sim;Não;GOVERNO;21.077671;13.982901
LUCAS GONZALEZ;NOVO;Minas Gerais;258;Sim;Sim;GOVERNO;4.723121;3.6852994
PADRE JOÃO;PT;Minas Gerais;259;Não;Não Votou;OPOSIÇÃO;0.7573302;-17.572142
PAULO GUEDES;PT;Minas Gerais;260;Não;Obstrução;OPOSIÇÃO;-18.753115;1.3665012
PINHEIRINHO;PP;Minas Gerais;261;Não Votou;Não;GOVERNO;21.202047;-6.8340907
ROGÉRIO CORREIA;PT;Minas Gerais;262;Não;Não Votou;OPOSIÇÃO;0.78225523;-17.897837
PAULO ABI-ACKEL;PSDB;Minas Gerais;263;Não Votou;Não Votou;GOVERNO;10.854484;-1.103517
TIAGO MITRAUD;NOVO;Minas Gerais;264;Sim;Sim;GOVERNO;4.7239003;3.6848927
VILSON DA FETAEMG;PSB;Minas Gerais;265;Não Votou;Sim;OPOSIÇÃO;6.9891195;0.9308232
ZÉ VITOR;PR;Minas Gerais;266;Não;Não;GOVERNO;-18.753115;1.3665012
STEFANO AGUIAR;PSD;Minas Gerais;267;Não;Não;GOVERNO;-18.753115;1.3665012
RODRIGO DE CASTRO;PSDB;Minas Gerais;268;Não;Não;GOVERNO;-18.753115;1.3665012
ODAIR CUNHA;PT;Minas Gerais;269;Não;Obstrução;OPOSIÇÃO;-18.753115;1.3665012
WELITON PRADO;PROS;Minas Gerais;270;Sim;Sim;MINORIA;4.7233815;3.6855502
ZÉ SILVA;Solidariedade;Minas Gerais;271;Não;Não;MINORIA;-18.753115;1.3665012
REGINALDO LOPES;PT;Minas Gerais;272;Não;Não Votou;OPOSIÇÃO;1.0418328;-17.14514
SUBTENENTE GONZAGA;PDT;Minas Gerais;273;Não;Não;MINORIA;-18.753115;1.3665012
EVAIR VIEIRA DE MELO;PP;Espírito Santo;274;Sim;Não;GOVERNO;20.908972;13.165236
AMARO NETO;PRB;Espírito Santo;275;Não;Não;GOVERNO;-18.753115;1.3665012
DA VITÓRIA;PPS;Espírito Santo;276;Sim;Não Votou;MINORIA;2.8961217;19.144384
DRA. SORAYA MANATO;PSL;Espírito Santo;277;Sim;Não;GOVERNO;20.908924;13.165254
FELIPE RIGONI;PSB;Espírito Santo;278;Sim;Sim;OPOSIÇÃO;4.7230635;3.685483
HELDER SALOMÃO;PT;Espírito Santo;279;Não;Obstrução;OPOSIÇÃO;-18.753115;1.3665012
LAURIETE;PR;Espírito Santo;281;Não;Não;GOVERNO;-18.753115;1.3665012
NORMA AYUB;DEM;Espírito Santo;282;Não;Não;GOVERNO;-18.753115;1.3665012
SERGIO VIDIGAL;PDT;Espírito Santo;283;Sim;Sim;MINORIA;4.723533;3.6841996
ALEXANDRE SERFIOTIS;PSD;Rio de Janeiro;284;Não;Não;GOVERNO;-18.753115;1.3665012
CARLOS JORDY;PSL;Rio de Janeiro;285;Não;Sim;GOVERNO;2.3909829;-10.183113
ALTINEU CÔRTES;PR;Rio de Janeiro;286;Não;Não;GOVERNO;-18.753115;1.3665012
ALESSANDRO MOLON;PSB;Rio de Janeiro;287;Não Votou;Não Votou;OPOSIÇÃO;10.856847;-1.1042025
CHIQUINHO BRAZÃO;Avate;Rio de Janeiro;288;Não;Não;MINORIA;-18.753115;1.3665012
CHRIS TONIETTO;PSL;Rio de Janeiro;289;Não;Não Votou;GOVERNO;1.7499192;-17.422064
AUREO RIBEIRO;Solidariedade;Rio de Janeiro;290;Não;Não;MINORIA;-18.753115;1.3665012
BENEDITA DA SILVA;PT;Rio de Janeiro;291;Não;Não Votou;OPOSIÇÃO;1.0352;-17.148943
CHRISTINO AUREO;PP;Rio de Janeiro;292;Sim;Não Votou;GOVERNO;2.896503;19.144413
CHICO D`ANGELO;PDT;Rio de Janeiro;293;Não;Não;MINORIA;-18.753115;1.3665012
CLARISSA GAROTINHO;PROS;Rio de Janeiro;294;Não;Não Votou;MINORIA;0.7754397;-17.891636
DANIEL SILVEIRA;PSL;Rio de Janeiro;295;Sim;Sim;GOVERNO;4.722925;3.6851144
DANIELA DO WAGUINHO;MDB;Rio de Janeiro;296;Não;Não;GOVERNO;-18.753115;1.3665012
DELEGADO ANTÔNIO FURTADO;PSL;Rio de Janeiro;297;Não;Abstenção;GOVERNO;1.7835535;-17.857265
DR. LUIZ ANTONIO TEIXEIRA JR.;PP;Rio de Janeiro;298;Não;Não;GOVERNO;-18.753115;1.3665012
FELÍCIO LATERÇA;PSL;Rio de Janeiro;299;Sim;Não;GOVERNO;21.319818;13.203444
FLORDELIS;PSD;Rio de Janeiro;300;Não;Não;GOVERNO;-18.753115;1.3665012
GELSON AZEVEDO;PR;Rio de Janeiro;301;Não Votou;Não;GOVERNO;21.202438;-6.834091
GUTEMBERG REIS;MDB;Rio de Janeiro;302;Não;Não;GOVERNO;-18.753115;1.3665012
HELIO LOPES;PSL;Rio de Janeiro;303;Sim;Não;GOVERNO;21.395365;13.85464
GLAUBER BRAGA;PSOL;Rio de Janeiro;304;Não Votou;Obstrução;OPOSIÇÃO;21.202263;-6.8340807
JANDIRA FEGHALI;PCdoB;Rio de Janeiro;305;Sim;Não Votou;OPOSIÇÃO;2.8965244;19.143637
HUGO LEAL;PSD;Rio de Janeiro;306;Não;Não;GOVERNO;-18.753115;1.3665012
JUNINHO DO PNEU;DEM;Rio de Janeiro;308;Não;Não;GOVERNO;-18.753115;1.3665012
LOURIVAL GOMES;PSL;Rio de Janeiro;309;Não;Não;GOVERNO;-18.753115;1.3665012
LUIZ ANTÔNIO CORRÊA;S.Part.;Rio de Janeiro;310;Não;Não;MINORIA;-18.753115;1.3665012
LUIZ LIMA;PSL;Rio de Janeiro;311;Sim;Sim;GOVERNO;4.723347;3.685406
MAJOR FABIANA;PSL;Rio de Janeiro;312;Sim;Não Votou;GOVERNO;2.896576;19.143625
MARCELO CALERO;PPS;Rio de Janeiro;313;Sim;Não;MINORIA;21.508038;13.5253315
PEDRO PAULO;DEM;Rio de Janeiro;314;Não;Não;GOVERNO;-18.753115;1.3665012
MARCELO FREIXO;PSOL;Rio de Janeiro;315;Sim;Obstrução;OPOSIÇÃO;20.678791;13.421737
MÁRCIO LABRE;PSL;Rio de Janeiro;316;Não;Não;GOVERNO;-18.753115;1.3665012
OTONI DE PAULA;PSC;Rio de Janeiro;317;Não;Sim;GOVERNO;2.3905475;-10.183059
PAULO GANIME;NOVO;Rio de Janeiro;318;Sim;Sim;GOVERNO;4.7236977;3.6841805
PAULO RAMOS;PDT;Rio de Janeiro;319;Não;Não;MINORIA;-18.753115;1.3665012
PROFESSOR JOZIEL;PSL;Rio de Janeiro;320;Não;Não Votou;GOVERNO;1.108358;-18.185274
GURGEL;PSL;Rio de Janeiro;321;Sim;Não;GOVERNO;20.90897;13.165237
RODRIGO MAIA;DEM;Rio de Janeiro;322;Art.;Art.;GOVERNO;10.856665;-1.1036242
TALÍRIA PETRONE;PSOL;Rio de Janeiro;323;Sim;Obstrução;OPOSIÇÃO;21.514175;13.524734
VINICIUS FARAH;MDB;Rio de Janeiro;324;Não;Não;GOVERNO;-18.753115;1.3665012
ROSANGELA GOMES;PRB;Rio de Janeiro;325;Não;Não Votou;GOVERNO;1.3116587;-18.177198
WLADIMIR GAROTINHO;PSD;Rio de Janeiro;327;Sim;Não;GOVERNO;20.676842;13.748909
SORAYA SANTOS;PR;Rio de Janeiro;328;Não Votou;Não Votou;GOVERNO;10.856304;-1.1032579
SÓSTENES CAVALCANTE;DEM;Rio de Janeiro;329;Sim;Não Votou;GOVERNO;2.8967798;19.143652
RENATA ABREU;Podemos;São Paulo;330;Sim;Não;MINORIA;20.794107;13.875843
ALEX MANENTE;PPS;São Paulo;331;Sim;Não Votou;MINORIA;2.8964088;19.144411
ABOU ANNI;PSL;São Paulo;332;Sim;Não;GOVERNO;21.452093;13.759158
ADRIANA VENTURA;NOVO;São Paulo;333;Sim;Sim;GOVERNO;4.7235794;3.6846251
ALEXANDRE LEITE;DEM;São Paulo;334;Não Votou;Não;GOVERNO;21.202272;-6.834073
BRUNA FURLAN;PSDB;São Paulo;335;Não;Não Votou;GOVERNO;1.3636034;-18.160542
ARLINDO CHINAGLIA;PT;São Paulo;336;Não;Não Votou;OPOSIÇÃO;1.1000301;-18.186775
ALENCAR SANTANA BRAGA;PT;São Paulo;337;Não;Obstrução;OPOSIÇÃO;-18.753115;1.3665012
CARLOS SAMPAIO;PSDB;São Paulo;338;Não;Não Votou;GOVERNO;1.4095035;-17.121191
ARNALDO JARDIM;PPS;São Paulo;339;Sim;Não Votou;MINORIA;2.8959405;19.14439
ALEXANDRE FROTA;PSL;São Paulo;340;Não;Não;GOVERNO;-18.753115;1.3665012
ALEXANDRE PADILHA;PT;São Paulo;341;Não;Não Votou;OPOSIÇÃO;1.6005266;-17.178762
BALEIA ROSSI;MDB;São Paulo;342;Não Votou;Não;GOVERNO;21.202467;-6.8340607
ALEXIS FONTEYNE;NOVO;São Paulo;343;Sim;Sim;GOVERNO;4.7234387;3.6843123
GUILHERME DERRITE;PP;São Paulo;344;Sim;Não Votou;GOVERNO;2.8963451;19.144386
ELI CORRÊA FILHO;DEM;São Paulo;345;Não;Não;GOVERNO;-18.753115;1.3665012
CAPITÃO AUGUSTO;PR;São Paulo;346;Sim;Não;GOVERNO;21.508013;13.524628
CELSO RUSSOMANNO;PRB;São Paulo;347;Não Votou;Não;GOVERNO;21.202158;-6.8341217
GUILHERME MUSSI;PP;São Paulo;348;Não;Não Votou;GOVERNO;1.3947252;-17.116835
JEFFERSON CAMPOS;PSB;São Paulo;349;Sim;Não;OPOSIÇÃO;21.514175;13.524734
CARLA ZAMBELLI;PSL;São Paulo;350;Sim;Não Votou;GOVERNO;2.8959289;19.144384
CEZINHA DE MADUREIRA;PSD;São Paulo;351;Não Votou;Não;GOVERNO;21.202625;-6.834084
EDUARDO BOLSONARO;PSL;São Paulo;352;Sim;Não;GOVERNO;21.405807;13.299755
EDUARDO CURY;PSDB;São Paulo;353;Sim;Sim;GOVERNO;4.723408;3.6854017
CORONEL TADEU;PSL;São Paulo;354;Sim;Não;GOVERNO;20.90893;13.165252
FAUSTO PINATO;PP;São Paulo;355;Não Votou;Não;GOVERNO;21.202452;-6.834058
DAVID SOARES;DEM;São Paulo;356;Não;Não;GOVERNO;-16.869299;0.95674396
ENRICO MISASI;PV;São Paulo;357;Sim;Sim;MINORIA;4.723749;3.685886
GENERAL PETERNELLI;PSL;São Paulo;358;Sim;Sim;GOVERNO;4.7224493;3.685366
IVAN VALENTE;PSOL;São Paulo;359;Sim;Obstrução;OPOSIÇÃO;21.345934;13.92437
GILBERTO NASCIMENTO;PSC;São Paulo;360;Não;Não;GOVERNO;-18.753115;1.3665012
GENINHO ZULIANI;DEM;São Paulo;361;Não;Não Votou;GOVERNO;0.7564567;-17.333277
HERCULANO PASSOS;MDB;São Paulo;362;Não;Não;GOVERNO;-18.753115;1.3665012
GUIGA PEIXOTO;PSL;São Paulo;363;Sim;Não;GOVERNO;21.29307;13.185812
JOICE HASSELMANN;PSL;São Paulo;364;Não Votou;Não;GOVERNO;21.202335;-6.834054
JÚNIOR BOZZELLA;PSL;São Paulo;365;Não;Não;GOVERNO;-18.753115;1.3665012
KIM KATAGUIRI;DEM;São Paulo;366;Sim;Não Votou;GOVERNO;2.8962507;19.143671
LUIZ CARLOS MOTTA;PR;São Paulo;367;Sim;Não;GOVERNO;21.405807;13.299755
LUIZ PHILIPPE DE ORLEANS E BRAG;PSL;São Paulo;368;Sim;Não;GOVERNO;20.678768;13.4218
MARCO BERTAIOLLI;PSD;São Paulo;369;Não;Não;GOVERNO;-18.753115;1.3665012
MARCIO ALVINO;PR;São Paulo;370;Sim;Não;GOVERNO;20.94374;13.958338
LUIZA ERUNDINA;PSOL;São Paulo;371;Sim;Sim;OPOSIÇÃO;4.723077;3.6854367
PAULO PEREIRA DA SILVA;Solidariedade;São Paulo;372;Não;Não;MINORIA;-18.753115;1.3665012
MARCOS PEREIRA;PRB;São Paulo;373;Não;Não Votou;GOVERNO;0.78224915;-17.897827
MARIA ROSAS;PRB;São Paulo;374;Não;Não;GOVERNO;-18.753115;1.3665012
MILTON VIEIRA;PRB;São Paulo;375;Não;Não;GOVERNO;-18.753115;1.3665012
PAULO TEIXEIRA;PT;São Paulo;376;Não;Não Votou;OPOSIÇÃO;0.79037523;-17.563234
POLICIAL KATIA SASTRE;PR;São Paulo;377;Não;Não Votou;GOVERNO;1.0728445;-17.131798
MIGUEL LOMBARDI;PR;São Paulo;378;Não;Não;GOVERNO;-18.753115;1.3665012
PR. MARCO FELICIANO;Podemos;São Paulo;379;Não Votou;Não;MINORIA;21.202093;-6.834076
PAULO FREIRE COSTA;PR;São Paulo;380;Não Votou;Não Votou;GOVERNO;10.856693;-1.104127
LUIZ FLÁVIO GOMES;PSB;São Paulo;381;Sim;Sim;OPOSIÇÃO;4.7228084;3.6842518
NILTO TATTO;PT;São Paulo;382;Não;Não Votou;OPOSIÇÃO;0.78791046;-17.565554
RICARDO IZAR;PP;São Paulo;383;Não;Não;GOVERNO;-18.753115;1.3665012
RODRIGO AGOSTINHO;PSB;São Paulo;384;Sim;Não;OPOSIÇÃO;20.826029;13.909657
ROBERTO DE LUCENA;Podemos;São Paulo;385;Não Votou;Não;MINORIA;21.20201;-6.8340673
ORLANDO SILVA;PCdoB;São Paulo;386;Sim;Sim;OPOSIÇÃO;4.723418;3.6851532
ROBERTO ALVES;PRB;São Paulo;387;Não Votou;Não;GOVERNO;21.202187;-6.834088
ROSANA VALLE;PSB;São Paulo;388;Não Votou;Não;OPOSIÇÃO;21.202053;-6.8341055
SAMUEL MOREIRA;PSDB;São Paulo;389;Sim;Sim;GOVERNO;4.723766;3.6848948
RUI FALCÃO;PT;São Paulo;390;Não;Não Votou;OPOSIÇÃO;0.76039827;-17.570429
SÂMIA BOMFIM;PSOL;São Paulo;391;Sim;Obstrução;OPOSIÇÃO;20.671965;13.695479
TIRIRICA;PR;São Paulo;392;Não;Não Votou;GOVERNO;1.7890545;-17.832716
TABATA AMARAL;PDT;São Paulo;393;Sim;Não Votou;MINORIA;2.8965466;19.143646
VANDERLEI MACRIS;PSDB;São Paulo;394;Não;Sim;GOVERNO;2.391353;-10.182866
VINICIUS POIT;NOVO;São Paulo;395;Sim;Sim;GOVERNO;4.723605;3.6848698
VICENTINHO;PT;São Paulo;396;Não;Não Votou;OPOSIÇÃO;1.7619869;-17.439384
VINICIUS CARVALHO;PRB;São Paulo;397;Sim;Não Votou;GOVERNO;2.8965392;19.143639
CARLOS ZARATTINI;PT;São Paulo;398;Não;Não Votou;OPOSIÇÃO;1.7875335;-17.835201
VITOR LIPPI;PSDB;São Paulo;399;Não;Não Votou;GOVERNO;0.7589161;-17.334953
JUAREZ COSTA;MDB;Mato Grosso;401;Não;Não;GOVERNO;-18.753115;1.3665012
DR. LEONARDO;Solidariedade;Mato Grosso;402;Não;Não;MINORIA;-18.753115;1.3665012
EMANUEL PINHEIRO NETO;PTB;Mato Grosso;403;Não;Não Votou;GOVERNO;1.4071857;-17.122711
JOSÉ MEDEIROS;Podemos;Mato Grosso;404;Não;Não;MINORIA;-18.753115;1.3665012
NELSON BARBUDO;PSL;Mato Grosso;405;Não;Sim;GOVERNO;2.390811;-10.183073
NERI GELLER;PP;Mato Grosso;406;Não;Não;GOVERNO;-18.753115;1.3665012
ERIKA KOKAY;PT;Distrito Federal;407;Não;Sim;OPOSIÇÃO;2.3907762;-10.182899
PROFESSORA ROSA NEIDE;PT;Mato Grosso;408;Não;Não Votou;OPOSIÇÃO;1.7499154;-17.422058
BIA KICIS;PSL;Distrito Federal;409;Não Votou;Sim;GOVERNO;6.987922;0.9303864
CELINA LEÃO;PP;Distrito Federal;410;Não;Não;GOVERNO;-18.753115;1.3665012
FLÁVIA ARRUDA;PR;Distrito Federal;411;Sim;Não;GOVERNO;21.261108;13.1684675
JULIO CESAR RIBEIRO;PRB;Distrito Federal;412;Não;Não;GOVERNO;-18.753115;1.3665012
PAULA BELMONTE;PPS;Distrito Federal;414;Sim;Não;MINORIA;21.161674;13.14676
PROFESSOR ISRAEL BATISTA;PV;Distrito Federal;415;Não;Não;MINORIA;-18.753115;1.3665012
ADRIANO DO BALDY;PP;Goiás;416;Não;Não;GOVERNO;-18.753115;1.3665012
CÉLIO SILVEIRA;PSDB;Goiás;417;Não;Não Votou;GOVERNO;1.7891068;-17.832571
JOÃO CAMPOS;PRB;Goiás;418;Não;Não;GOVERNO;-18.753115;1.3665012
ALCIDES RODRIGUES;PRP;Goiás;419;Não;Não;MINORIA;-18.753115;1.3665012
DR. ZACHARIAS CALIL;DEM;Goiás;420;Não;Não Votou;GOVERNO;1.1084827;-18.185303
DELEGADO WALDIR;PSL;Goiás;421;Não;Não Votou;GOVERNO;1.4488025;-17.147207
FLÁVIA MORAIS;PDT;Goiás;422;Não Votou;Não Votou;MINORIA;10.856263;-1.1032069
ELIAS VAZ;PSB;Goiás;423;Sim;Não;OPOSIÇÃO;21.395346;13.854663
FRANCISCO JR.;PSD;Goiás;424;Não;Não;GOVERNO;-18.753115;1.3665012
RUBENS OTONI;PT;Goiás;425;Não;Não Votou;OPOSIÇÃO;1.7541063;-17.42087
GLAUSTIN FOKUS;PSC;Goiás;426;Não;Não Votou;GOVERNO;1.7540725;-17.420805
JOSE MARIO SCHREINER;DEM;Goiás;427;Não;Não;GOVERNO;-18.753115;1.3665012
JOSÉ NELTO;Podemos;Goiás;428;Não Votou;Não;MINORIA;21.202076;-6.8341255
MAJOR VITOR HUGO;PSL;Goiás;429;Não Votou;Não Votou;GOVERNO;10.856092;-1.1025873
LUCAS VERGILIO;Solidariedade;Goiás;430;Não;Não;MINORIA;-18.753115;1.3665012
MAGDA MOFATTO;PR;Goiás;431;Não;Não;GOVERNO;-18.753115;1.3665012
PROFESSOR ALCIDES;PP;Goiás;432;Não;Não;GOVERNO;-18.753115;1.3665012
BETO PEREIRA;PSDB;Mato Grosso do Sul;433;Não;Sim;GOVERNO;2.390647;-10.182909
DAGOBERTO NOGUEIRA;PDT;Mato Grosso do Sul;434;Não;Não;MINORIA;-18.753115;1.3665012
DR. LUIZ OVANDO;PSL;Mato Grosso do Sul;435;Não;Não;GOVERNO;-18.753115;1.3665012
FÁBIO TRAD;PSD;Mato Grosso do Sul;436;Não;Não;GOVERNO;-18.753115;1.3665012
VANDER LOUBET;PT;Mato Grosso do Sul;438;Não;Obstrução;OPOSIÇÃO;-18.753115;1.3665012
LOESTER TRUTIS;PSL;Mato Grosso do Sul;439;Não Votou;Não;GOVERNO;21.202408;-6.8340893
ROSE MODESTO;PSDB;Mato Grosso do Sul;440;Não;Sim;GOVERNO;2.3911815;-10.183541
ALIEL MACHADO;PSB;Paraná;441;Sim;Não;OPOSIÇÃO;20.686222;13.400881
CHRISTIANE DE SOUZA YARED;PR;Paraná;442;Não;Não;GOVERNO;-18.753115;1.3665012
ALINE SLEUTJES;PSL;Paraná;443;Sim;Sim;GOVERNO;4.7236967;3.684488
AROLDO MARTINS;PRB;Paraná;444;Não;Não;GOVERNO;-18.753115;1.3665012
BOCA ABERTA;PROS;Paraná;445;Não Votou;Não;MINORIA;21.20223;-6.8340726
FELIPE FRANCISCHINI;PSL;Paraná;446;Não;Não;GOVERNO;-17.402538;0.88155776
DIEGO GARCIA;Podemos;Paraná;447;Sim;Não Votou;MINORIA;2.8958797;19.144386
HERMES PARCIANELLO;MDB;Paraná;448;Não Votou;Não;GOVERNO;21.20257;-6.8340855
ENIO VERRI;PT;Paraná;449;Não;Não Votou;OPOSIÇÃO;1.7874763;-17.835356
FILIPE BARROS;PSL;Paraná;450;Não;Não;GOVERNO;-18.753115;1.3665012
GLEISI HOFFMANN;PT;Paraná;451;Não;Não Votou;OPOSIÇÃO;1.4653455;-18.094046
GUSTAVO FRUET;PDT;Paraná;452;Não;Não Votou;MINORIA;1.4653445;-18.094046
LEANDRE;PV;Paraná;453;Não;Sim;MINORIA;2.3907287;-10.183436
LUISA CANZIANI;PTB;Paraná;454;Não;Não Votou;GOVERNO;1.4653455;-18.094046
VERMELHO;PSD;Paraná;455;Não;Não;GOVERNO;-18.753115;1.3665012
LUCIANO DUCCI;PSB;Paraná;457;Não Votou;Não;OPOSIÇÃO;21.202036;-6.8341107
PAULO EDUARDO MARTINS;PSC;Paraná;458;Sim;Sim;GOVERNO;4.723548;3.685263
LUIZ NISHIMORI;PR;Paraná;459;Não;Não;GOVERNO;-18.753115;1.3665012
RUBENS BUENO;PPS;Paraná;460;Sim;Não;MINORIA;20.908972;13.165236
PEDRO LUPION;DEM;Paraná;461;Não;Não;GOVERNO;-18.753115;1.3665012
RICARDO BARROS;PP;Paraná;462;Não Votou;Não;GOVERNO;21.20223;-6.834111
PROFESSOR LUIZÃO GOULART;PRB;Paraná;463;Não;Não;GOVERNO;-18.753115;1.3665012
SARGENTO FAHUR;PSD;Paraná;464;Não;Não;GOVERNO;-18.753115;1.3665012
GIACOBO;PR;Paraná;466;Não Votou;Não Votou;GOVERNO;10.855263;-1.103457
SERGIO SOUZA;MDB;Paraná;467;Não;Não;GOVERNO;-18.753115;1.3665012
ZECA DIRCEU;PT;Paraná;468;Não Votou;Não Votou;OPOSIÇÃO;10.855684;-1.1033351
SCHIAVINATO;PP;Paraná;469;Não;Não;GOVERNO;-18.753115;1.3665012
TONINHO WANDSCHEER;PROS;Paraná;470;Não;Não Votou;MINORIA;1.4653431;-18.094048
ANGELA AMIN;PP;Santa Catarina;471;Não;Sim;GOVERNO;2.3912342;-10.183426
CELSO MALDANER;MDB;Santa Catarina;472;Sim;Sim;GOVERNO;4.7237873;3.68398
CARLOS CHIODINI;MDB;Santa Catarina;473;Sim;Sim;GOVERNO;4.72364;3.6853886
CAROLINE DE TONI;PSL;Santa Catarina;474;Sim;Sim;GOVERNO;4.7230716;3.6843631
CORONEL ARMANDO;PSL;Santa Catarina;475;Sim;Não Votou;GOVERNO;2.8963654;19.143675
DANIEL FREITAS;PSL;Santa Catarina;476;Sim;Sim;GOVERNO;4.7239466;3.685239
CARMEN ZANOTTO;PPS;Santa Catarina;477;Sim;Não Votou;MINORIA;2.8962417;19.14364
DARCI DE MATOS;PSD;Santa Catarina;478;Não;Não;GOVERNO;-18.753115;1.3665012
FABIO SCHIOCHET;PSL;Santa Catarina;479;Não;Não;GOVERNO;-18.753115;1.3665012
GILSON MARQUES;NOVO;Santa Catarina;480;Sim;Sim;GOVERNO;4.723039;3.6844769
PEDRO UCZAI;PT;Santa Catarina;481;Não;Obstrução;OPOSIÇÃO;-18.753115;1.3665012
GEOVANIA DE SÁ;PSDB;Santa Catarina;482;Não Votou;Não Votou;GOVERNO;10.8556385;-1.1018403
ROGÉRIO PENINHA MENDONÇA;MDB;Santa Catarina;483;Não Votou;Sim;GOVERNO;6.9871154;0.93022305
HÉLIO COSTA;PRB;Santa Catarina;484;Não;Não;GOVERNO;-18.753115;1.3665012
RICARDO GUIDI;PSD;Santa Catarina;485;Sim;Não;GOVERNO;20.961725;13.96424
ALCEU MOREIRA;MDB;Rio Grande do Sul;486;Sim;Não;GOVERNO;20.908972;13.165236
AFONSO HAMM;PP;Rio Grande do Sul;487;Não Votou;Não;GOVERNO;21.202206;-6.834102
RODRIGO COELHO;PSB;Santa Catarina;488;Sim;Não;OPOSIÇÃO;21.469887;13.427724
BIBO NUNES;PSL;Rio Grande do Sul;489;Não;Não;GOVERNO;-18.753115;1.3665012
AFONSO MOTTA;PDT;Rio Grande do Sul;490;Não;Não Votou;MINORIA;1.4653438;-18.09404
DANIEL TRZECIAK;PSDB;Rio Grande do Sul;491;Não;Sim;GOVERNO;2.390732;-10.182883
CARLOS GOMES;PRB;Rio Grande do Sul;492;Não Votou;Não;GOVERNO;21.20229;-6.834052
GIOVANI FELTES;MDB;Rio Grande do Sul;494;Sim;Não;GOVERNO;20.678768;13.4218
DANRLEI DE DEUS HINTERHOLZ;PSD;Rio Grande do Sul;495;Sim;Não;GOVERNO;21.096567;13.143653
FERNANDA MELCHIONNA;PSOL;Rio Grande do Sul;496;Sim;Obstrução;OPOSIÇÃO;21.035246;13.977714
HENRIQUE FONTANA;PT;Rio Grande do Sul;498;Não;Sim;OPOSIÇÃO;2.391478;-10.182787
BOHN GASS;PT;Rio Grande do Sul;499;Não;Obstrução;OPOSIÇÃO;-18.753115;1.3665012
LIZIANE BAYER;PSB;Rio Grande do Sul;500;Sim;Não;OPOSIÇÃO;21.445986;13.764893
LUCAS REDECKER;PSDB;Rio Grande do Sul;501;Não Votou;Sim;GOVERNO;6.9887333;0.9301554
GIOVANI CHERINI;PR;Rio Grande do Sul;502;Não;Não;GOVERNO;-18.753115;1.3665012
MARCEL VAN HATTEM;NOVO;Rio Grande do Sul;503;Sim;Sim;GOVERNO;4.7230983;3.6852088
HEITOR SCHUCH;PSB;Rio Grande do Sul;504;Não Votou;Não;OPOSIÇÃO;21.20214;-6.834083
JERÔNIMO GOERGEN;PP;Rio Grande do Sul;505;Sim;Não;GOVERNO;21.07775;13.982901
MARCELO MORAES;PTB;Rio Grande do Sul;506;Não;Não;GOVERNO;-18.753115;1.3665012
MARCON;PT;Rio Grande do Sul;507;Sim;Obstrução;OPOSIÇÃO;20.908972;13.165236
MARIA DO ROSÁRIO;PT;Rio Grande do Sul;508;Não;Não Votou;OPOSIÇÃO;1.4653445;-18.094046
MARLON SANTOS;PDT;Rio Grande do Sul;509;Não Votou;Não;MINORIA;21.202314;-6.8340626
MAURÍCIO DZIEDRICKI;PTB;Rio Grande do Sul;511;Não Votou;Não;GOVERNO;21.202158;-6.834041
NEREU CRISPIM;PSL;Rio Grande do Sul;512;Não Votou;Não;GOVERNO;21.202091;-6.834089
PAULO PIMENTA;PT;Rio Grande do Sul;513;Não Votou;Não Votou;OPOSIÇÃO;10.855668;-1.1038483
PEDRO WESTPHALEN;PP;Rio Grande do Sul;514;Não;Não;GOVERNO;-18.753115;1.3665012
MÁRCIO BIOLCHI;MDB;Rio Grande do Sul;515;Não Votou;Não;GOVERNO;21.202135;-6.834087
POMPEO DE MATTOS;PDT;Rio Grande do Sul;516;Não;Não Votou;MINORIA;1.4653455;-18.094046
SANDERSON;PSL;Rio Grande do Sul;517;Não;Não;GOVERNO;-18.753115;1.3665012
JORGE BRAZ;PRB;Rio de Janeiro;518;Não;Não;GOVERNO;-18.753115;1.3665012
DAVID MIRANDA;PSOL;Rio de Janeiro;519;Não Votou;Obstrução;OPOSIÇÃO;21.202503;-6.834071
LUIS MIRANDA;DEM;Distrito Federal;525;Não;Sim;GOVERNO;2.3909817;-10.181206
MARCELO BRUM;PSL;Rio Grande do Sul;526;Não;Não;GOVERNO;-18.753115;1.3665012
EVANDRO ROMAN;PSD;Paraná;527;Não;Não;GOVERNO;-18.753115;1.3665012
REINHOLD STEPHANES JUNIOR;PSD;Paraná;528;Não;Não;GOVERNO;-18.753115;1.3665012
DARCÍSIO PERONDI;MDB;Rio Grande do Sul;529;Sim;Não;GOVERNO;20.9821;13.971694
TED CONTI;PSB;Espírito Santo;531;Sim;Não;OPOSIÇÃO;20.692783;13.385371
BIA CAVASSA;PSDB;Mato Grosso do Sul;532;Não;Sim;GOVERNO;2.3911092;-10.182451
ENÉIAS REIS;PSL;Minas Gerais;533;Não;Não;GOVERNO;-18.753115;1.3665012
SANTINI;PTB;Rio Grande do Sul;534;Sim;Não;GOVERNO;20.676847;13.7489195
VALTENIR PEREIRA;MDB;Mato Grosso;536;Não;Não Votou;GOVERNO;1.4653445;-18.094042
JOSEILDO RAMOS;PT;Bahia;537;Abstenção;Não Votou;OPOSIÇÃO;10.855829;-1.1039884
PAULO MAGALHÃES;PSD;Bahia;538;Não;Não;GOVERNO;-18.753115;1.3665012
GASTÃO VIEIRA;PROS;Maranhão;539;Não;Abstenção;MINORIA;1.7634255;-17.44267
MERLONG SOLANO;PT;Piauí;540;Não;Não Votou;OPOSIÇÃO;1.3876661;-17.115454
